{"cameraMode":{"drawMode":0,"name":"Shaded","section":"Shading Mode"},"sceneLighting":true,"audioPlay":false,"sceneViewState":{"showFog":true,"showMaterialUpdate":false,"showSkybox":true,"showFlares":true,"showImageEffects":true,"showParticleSystems":true},"in2DMode":false,"pivot":{"x":-0.7588405609130859,"y":-6.222670555114746,"z":-4.518947601318359},"rotation":{"x":-0.22213579714298249,"y":-0.41968896985054018,"z":0.10671481490135193,"w":-0.8735926151275635},"size":29.425127029418947,"orthographic":true}