{"cameraMode":{"drawMode":0,"name":"Shaded","section":"Shading Mode"},"sceneLighting":false,"audioPlay":false,"sceneViewState":{"showFog":true,"showMaterialUpdate":false,"showSkybox":false,"showFlares":true,"showImageEffects":true,"showParticleSystems":true},"in2DMode":false,"pivot":{"x":-0.0008353590965270996,"y":1.297593116760254,"z":-0.023738384246826173},"rotation":{"x":0.15150116384029389,"y":0.25571027398109438,"z":-0.04061076045036316,"w":0.9539452791213989},"size":3.355417251586914,"orthographic":true}