{"cameraMode":{"drawMode":0,"name":"Shaded","section":"Shading Mode"},"sceneLighting":false,"audioPlay":false,"sceneViewState":{"showFog":true,"showMaterialUpdate":false,"showSkybox":false,"showFlares":true,"showImageEffects":true,"showParticleSystems":true},"in2DMode":false,"pivot":{"x":5.022226333618164,"y":13.959999084472657,"z":0.4750000238418579},"rotation":{"x":0.11939934641122818,"y":0.8513002991676331,"z":-0.22054897248744965,"w":0.4608691930770874},"size":6.3405938148498539,"orthographic":false}